Nombre,Categoría,Dirección,Población,Teléfono,Web
"Tienda para mascotas Online Mascoteando","Tienda de productos para mascotas","","","684 34 15 95",""
"Tiendanimal","Tienda de productos para mascotas","Carrer del Ciment, nº 5, 08800, Barcelona","08800","937 00 67 57",""
"Mascot Center Abrera","Tienda de alimentos para animales","Av. Ca n'Amat, N° 10, nave 3, 08630 Abrera, Barcelona","Abrera","930 24 31 98",""
"Kiwoko. Mundo Animal","Tienda de productos para mascotas","Avinguda de la Comunitat Europea, 75, 08917 Badalona, Barcelona","Badalona","935 22 22 48",""
"By Mascota Badalona - Tienda & Peluquería Mascotas","Tienda de productos para mascotas","Carrer del Canonge Baranera, 73, 08911 Badalona, Barcelona","Badalona","614 51 21 38","https://www.instagram.com/bymascotabadalona?igsh=MWRtMmh6eWpuMGhvZw=="
"LoveAnimals Badalona","Tienda de productos para mascotas","Carrer dels Arbres, 39, 08912 Badalona, Barcelona","Badalona","722 61 39 64",""
"TerranovaCNC 21","Tienda de productos para mascotas","Avinguda del Marquès de Mont-Roig, 147, 08918 Badalona, Barcelona","Badalona","934 60 76 71","http://terranovacnc.com/"
"Juana Dog - Sant Pere","Tienda de productos para mascotas","Carrer de Sant Pere, 17, 08911 Badalona, Barcelona","Badalona","935 05 26 52","https://www.juanadog.com/"
"TerranovaCNC 143","Tienda de productos para mascotas","Av. de Martí Pujol, 211, 215, 08912 Badalona, Barcelona","Badalona","936 59 78 40",""
"Love Animal - Tienda de Mascotas en Badalona: Accesorios, Alimentos y Servicios para Animales","Tienda de animales","Carrer de Tànger, 12, 08917 Badalona, Barcelona","Badalona","670 42 04 27",""
"Can Mixo","Tienda de productos para mascotas","Carrer de Roger de Flor, 82, 08912 Badalona, Barcelona","Badalona","933 88 74 57",""
"Zoo Condal","Tienda de animales","Centro Comercial Magic, Carrer de la Concòrdia, 1, 08917 Badalona, Barcelona","Badalona","933 39 72 48","http://www.zoocondal.es/"
"RONDANIMAL´S","Tienda de productos para mascotas","Ronda de Sant Antoni de Llefià, 95, 08913 Badalona, Barcelona","Badalona","931 62 99 94","https://www.facebook.com/rondanimals/"
"TerranovaCNC 87","Tienda de productos para mascotas","Passeig Olof Palme, 8, 08917 Badalona, Barcelona","Badalona","933 95 49 32","https://www.terranovacnc.com/portfolio/tienda-productos-mascotas-montigala-badalona/"
"Tienda de animales y peluquería canina en Badalona | Leo Canin","Peluquero de mascotas","Passeig de la Salut, 37, 08914 Badalona, Barcelona","Badalona","686 22 82 15",""
"EL GORILON","Tienda de productos para mascotas","Av. de Sant Salvador, 60, 08913 Badalona, Barcelona","Badalona","934 60 30 85",""
"Casa Costa","Tienda de alimentos para animales","Carrer del Canonge Baranera, 2D, 08911 Badalona, Barcelona","Badalona","933 89 11 25","http://www.facebook.com/casacosta"
"AUTO LAVADO DE MASCOTAS PINK WASH","Tienda de productos para mascotas","Carrer de Nelson Mandela, 16, 08917 Badalona, Barcelona","Badalona","607 87 50 53","http://pinkwash16.wix.com/autolavado"
"Peluts BDN","Peluquero de mascotas","Carrer de Francesc Macià, 43, 08912 Badalona, Barcelona","Badalona","678 87 69 14","https://instagram.com/peluts_bdn?igshid=lggn8m8gl1y2"
"Ortocanis","Tienda de animales","Carrer d'Eduard Marquina, 15, 08911 Badalona, Barcelona","Badalona","930 21 93 23","https://www.ortocanis.com/"
"CORAL Botiga i perruqueria per animals","Tienda de alimentos para animales","Av. del President Companys, 266, 08915 Badalona, Barcelona","Badalona","933 48 41 92",""
"New Mascota Baricentro","Tienda de productos para mascotas","comercial baricentro, N-150, km 6,7 centro, local 109A, 08210 Barberà del Vallès, Barcelona","Barberà del Vallès","931 29 60 17","http://www.newmascotabaricentro.es/"
"Kiwoko. Mundo Animal","Tienda de productos para mascotas","N-150, km 6, 7, 08210 Barberà del Vallès, Barcelona","Barberà del Vallès","935 22 24 48",""
"TerranovaCNC 41","Tienda de productos para mascotas","Ctra. de Barcelona, 241, 08210 Barberà del Vallès, Barcelona","Barberà del Vallès","937 29 23 36","http://terranovacnc.com/"
"Caninetto","Tienda de productos para mascotas","Carrer de Viladomat, 57, Eixample, 08015 Barcelona","Barcelona","932 50 61 63","https://www.caninetto.es/"
"By Mascota Maragall Barcelona - Tienda Mascotas, Consulta Veterinaria, Peluquería Canina","Tienda de productos para mascotas","Pg. Maragall, 253, Horta-Guinardó, 08032 Barcelona","Barcelona","937 97 62 10","https://bymascota.com/tiendas/tiendas-mascotas-barcelona"
"INU Animals nutrición y peluquería( perruqueria)canina","Tienda de productos para mascotas","Carrer de Còrsega, 668, Sant Martí, 08026 Barcelona","Barcelona","643 50 34 84",""
"Kiwoko. Mundo Animal","Tienda de productos para mascotas","Gran Via de les Corts Catalanes, 513, Eixample, 08015 Barcelona","Barcelona","932 92 61 30",""
"Gos i Gat","Tienda de animales","Carrer de Rogent, 16, Sant Martí, 08026 Barcelona","Barcelona","932 31 51 11","http://www.gosigat.es/"
"BCN ANIMALS","Tienda de animales","Carrer de Garcilaso, 34, Sant Andreu, 08027 Barcelona","Barcelona","932 43 30 56","http://www.bcnanimals.com/"
"Don Canino","Tienda de productos para mascotas","Carrer de Villarroel, 235, Eixample, 08036 Barcelona","Barcelona","933 63 05 32","http://www.doncanino.com/"
"Juana Dog - Maragall","Tienda de productos para mascotas","Pg. Maragall, 4, Sant Martí, 08026 Barcelona","Barcelona","935 31 65 40","http://www.juanadog.com/"
"Barkcelona El Born","Tienda de productos para mascotas","Carrer de l'Espaseria, 4, Ciutat Vella, 08003 Barcelona","Barcelona","935 64 28 37","https://barkcelona.com/"
"Kiwoko. Mundo Animal","Tienda de productos para mascotas","Carrer de Manso, 39, Eixample, 08015 Barcelona","Barcelona","935 48 09 24",""
"Oh my Gos! Tienda para Mascotas C/ Agullers 18 Barcelona","Tienda de productos para mascotas","Carrer dels Agullers, 18, LOCAL 2, Ciutat Vella, 08003 Barcelona","Barcelona","937 97 94 92","https://www.ohmygosweb.com/contactar/"
"Tiendanimal","Tienda de productos para mascotas","Westfield | Glòries, Av. Diagonal, 208, Sant Martí, 08018 Barcelona","Barcelona","932 22 90 02",""
"Miscota","Tienda de productos para mascotas","Carrer Gran de Gràcia, 195, Gràcia, 08012 Barcelona","Barcelona","936 34 88 29","http://www.miscota.es/"
"Zoo Condal","Tienda de animales","Av. Diagonal, 137, Sant Martí, 08018 Barcelona","Barcelona","934 98 62 34","http://www.zoocondal.es/"
"KeGuaupos | Alimentación y complementos para animales.","Tienda de animales","Carrer de Cantàbria, 6, Sant Martí, 08020 Barcelona","Barcelona","933 05 05 22","http://www.keguaupos.com/"
"CENTRAL DEL PIENSO","Tienda de alimentos para animales","Carrer de Huelva, 110, Sant Martí, 08020 Barcelona","Barcelona","932 78 19 29","http://www.centraldelpinso.es/"
"Amadeu Vidal 1880 - Botiga d'animals de companyia desde 1880","Tienda de animales","Carrer de Santa Anna, 14, Ciutat Vella, 08002 Barcelona","Barcelona","933 02 52 93","http://www.amadeuvidal.com/"
"Zoo Condal","Tienda de animales","Gran Via de les Corts Catalanes, 415, Eixample, 08015 Barcelona","Barcelona","938 58 96 43","http://www.zoocondal.es/"
"Pro Animals Barcelona. Peluquería canina y tienda de productos para mascotas.","Tienda de productos para mascotas","Carrer d'Amílcar, 111, Horta-Guinardó, 08032 Barcelona","Barcelona","640 92 44 48",""
"Branni Pets","Tienda de productos para mascotas","Pg. de Valldaura, 172, Nou Barris, 08042 Barcelona","Barcelona","931 48 64 85","http://www.brannipets.com/"
"Miscota","Tienda de productos para mascotas","Carrer del Consell de Cent, 373-375, Eixample, 08009 Barcelona","Barcelona","936 34 88 27","http://www.miscota.es/"
"Mascotas 1000 | Tienda de Animales en Barcelona Concepción Arenal","Tienda de productos para mascotas","Carrer de Concepción Arenal, 257, Sant Andreu, 08030 Barcelona","Barcelona","935 17 60 82","https://mascotas1000.com/"
"Don Perro","Tienda de productos para mascotas","Carrer de Provença, 307, Eixample, 08037 Barcelona","Barcelona","934 57 59 69","http://www.donperro.info/"
"Miluopet","Tienda de productos para mascotas","Ronda del General Mitre, 121, Loc 1, Sarrià-Sant Gervasi, 08022 Barcelona","Barcelona","934 35 69 54","https://wa.beedigital.es/li/miluopet"
"Tiendanimal","Tienda de productos para mascotas","Westfield | Glòries, Av. Diagonal, 208, Sant Martí, 08018 Barcelona","Barcelona","932 22 90 02",""
"Kiwoko. Mundo Animal","Tienda de productos para mascotas","Carrer d'Aribau, 21, Eixample, 08011 Barcelona","Barcelona","935 48 09 20",""
"Indidogs. Dieta Barf y alimentación para mascotas con envío inmediato en Barcelona.","Tienda de productos para mascotas","Travessera de Gràcia, 216, Gràcia, 08024 Barcelona","Barcelona","689 89 00 79","http://indidogs.com/"
"AQUANATURA","Criador canino","Carrer de Roger de Flor, 45, Eixample, 08013 Barcelona","Barcelona","933 09 59 77","https://www.aquanatura.es/index.html?msgOrigen=6&CODART=Peluqueria"
"Juana Dog - Alcudia","Tienda de productos para mascotas","Carrer d'Alcúdia, 96, Nou Barris, 08016 Barcelona","Barcelona","935 25 91 25","http://www.juanadog.com/"
"Guaw","Tienda de animales","Avinguda de Rio de Janeiro, 42, Centro Comercial SOM Multiespai, Local 15, 08016 Barcelona","Barcelona","930 36 99 72","https://guaw.com/"
"El Jardín de Dama","Tienda de animales","Carrer de Simancas, 102, Nou Barris, 08042 Barcelona","Barcelona","931 26 17 46","https://eljardindedama.com/"
"Kiwoko. Mundo Animal","Tienda de productos para mascotas","Rambla del Poblenou, 50, Sant Martí, 08005 Barcelona","Barcelona","935 22 11 20",""
"Miscota","Tienda de productos para mascotas","Carrer de Balmes, 177, Sarrià-Sant Gervasi, 08006 Barcelona","Barcelona","938 61 94 57","http://www.miscota.es/"
"Kiwoko. Mundo Animal.","Tienda de productos para mascotas","Centro Comercial Diagonal Mar, Sant Martí, 08019 Barcelona","Barcelona","932 92 61 66",""
"By Mascota Sants Barcelona - Tienda Mascotas, Consulta Veterinaria, Peluquería Canina","Tienda de productos para mascotas","Carrer de Sants, 363, Sants-Montjuïc, 08028 Barcelona","Barcelona","668 57 33 44","https://bymascota.com/tiendas/tiendas-mascotas-barcelona/tienda-mascotas-sants-barcelona/"
"Miscota","Tienda de productos para mascotas","Carrer Creu Coberta, 66, Sants-Montjuïc, 08014 Barcelona","Barcelona","938 61 94 60","http://www.miscota.es/"
"TerranovaCNC 65","Tienda de productos para mascotas","Plaça del Centre, 10, Sants-Montjuïc, 08014 Barcelona","Barcelona","932 80 78 42","http://terranovacnc.com/"
"Zoo Condal","Tienda de animales","Carrer de Joan Güell, 17, Sants-Montjuïc, 08028 Barcelona","Barcelona","938 09 55 39","http://www.zoocondal.es/"
"Món Animal","Tienda de productos para mascotas","Rambla de Badal, 33, Sants-Montjuïc, 08014 Barcelona","Barcelona","932 96 82 22","https://monanimal.net/"
"PELUTS","Tienda de alimentos para animales","Carrer de Sants, 164, Sants-Montjuïc, 08028 Barcelona","Barcelona","933 15 79 91",""
"4Grapes","Tienda de animales","Carrer de Càceres, 14, Sants-Montjuïc, 08028 Barcelona","Barcelona","934 90 99 12","http://www.4grapes.es/"
"Naturlove. Pet food","Tienda de productos para mascotas","Carrer de Sants, 425, Sants-Montjuïc, 08028 Barcelona","Barcelona","932 50 35 83","https://naturlove.pet/"
"Sants Animals Clínica Veterinaria","Veterinario","Carrer del Rector Triadó, 86, bajo, Sants-Montjuïc, 08014 Barcelona","Barcelona","933 25 57 18","https://www.santsanimals.com/"
"Mascotas, tu tienda de confianza","Tienda de animales","Carrer de la Mare de Déu de Port, 256, Sants-Montjuïc, 08038 Barcelona","Barcelona","931 74 66 06","https://shopmascotas.es/"
"Mascotas, tu tienda de confianza","Tienda de animales","Carrer de la Riera Blanca, 57, Sants-Montjuïc, 08028 Barcelona","Barcelona","936 43 78 38","https://www.shopmascotas.es/"
"Zoo Condal","Tienda de animales","Carrer de Sant Antoni Maria Claret, 87, Horta-Guinardó, 08025 Barcelona","Barcelona","934 35 30 46","http://www.zoocondal.es/"
"Zoo Condal","Tienda de productos para mascotas","Av. de Madrid, 102, Sants-Montjuïc, 08028 Barcelona","Barcelona","938 67 95 23","http://www.zoocondal.es/"
"Tiendanimal","Tienda de productos para mascotas","Av. Diagonal, 557, Les Corts, 08029 Barcelona","Barcelona","935 46 92 69",""
"Canocan","Tienda de productos para mascotas","Carrer de Salvà, 27, BAJO 1, Sants-Montjuïc, 08004 Barcelona","Barcelona","644 56 88 63","https://www.canocanmascotas.es/"
"Miscota","Tienda de productos para mascotas","Carrer del Treball, 243, Sant Martí, 08020 Barcelona","Barcelona","935 00 19 02","http://www.miscota.es/"
"NATUR CENTER","Tienda de animales","Polígon Industrial Carrer de, Carrer les Corts, 2, 08349 Cabrera de Mar, Barcelona","Cabrera de Mar","937 56 61 66","http://www.naturcenter.es/"
"Bestial - Tot pels peluts","Tienda de animales","N-2, KM643, LOC 7, 08349 Cabrera de Mar, Barcelona","Cabrera de Mar","933 93 14 91","https://www.bestial.cat/"
"Goanimals","Tienda de animales","119, Passeig de la Ribera, 08420 Canovelles, Barcelona","Canovelles","936 25 20 00","https://goanimals.es/"
"Gosnet","Tienda de animales","Passeig de la Ribera, 39, 08420 Canovelles, Barcelona","Canovelles","938 40 44 86","https://gosnet.es/"
"AGRONATURANDIA CASTELLDEFELS","Tienda de animales","Av. de la Constitució, 194, 08860 Castelldefels, Barcelona","Castelldefels","931 05 33 45","http://www.agronaturandia.es/"
"Kiwoko. Mundo Animal","Tienda de productos para mascotas","Av. del Canal Olímpic, 24, 08860 Castelldefels, Barcelona","Castelldefels","935 22 11 21",""
"Ibercan Castelldefels Pet Shop","Tienda de animales","Carrer del Dr. Fleming, 9, 08860 Castelldefels, Barcelona","Castelldefels","936 64 06 88","http://www.umaspet.com/"
"Kingcan","Tienda de productos para mascotas","Carrer de l'Església, 25, 08860 Castelldefels, Barcelona","Castelldefels","643 00 97 19",""
"VIP's CASTELLDEFELS (Very Important Pets)","Tienda de productos para mascotas","Carrer de Juan de la Cierva, 20, 08860 Castelldefels, Barcelona","Castelldefels","932 80 85 59",""
"Gat i Gos","Peluquero de mascotas","Carrer del Doctor Ferran, 24, 08860 Castelldefels, Barcelona","Castelldefels","658 83 48 69",""
"Ibercan Peluqueria canina","Peluquero de mascotas","Carrer del Dr. Fleming, 9, 08860 Castelldefels, Barcelona","Castelldefels","936 64 06 88",""
"Peluquería Canina y Felina Castelldefels","Peluquero de mascotas","Carrer de la Llibertat, 34, 08860 Castelldefels, Barcelona","Castelldefels","655 54 35 06",""
"By Mascota Cerdanyola - Tienda Mascotas, Peluquería & Consulta Veterinaria","Tienda de productos para mascotas","Av. de Catalunya, 72, 08290 Cerdanyola del Vallès, Barcelona","Cerdanyola del Vallès","931 87 80 26","https://bymascota.com/tiendas/tienda-mascotas-cerdanyola/"
"TerranovaCNC 15","Tienda de productos para mascotas","Carretera de Barcelona, 57, 08290 Cerdanyola del Vallès, Barcelona","Cerdanyola del Vallès","936 91 79 76","http://terranovacnc.com/"
"VILMA's 'El Super per a Mascotes'","Peluquero de mascotas","Carrer de Sant Salvador, 3, 08290 Cerdanyola del Vallès, Barcelona","Cerdanyola del Vallès","629 00 62 35","https://vilmashopcom.wordpress.com/"
"Faunarama","Tienda de productos para mascotas","Av. de Canaletes, 39, 08290 Cerdanyola del Vallès, Barcelona","Cerdanyola del Vallès","936 92 59 91","https://www.faunarama.com/"
"Spa'l Gos. Tot per la teva mascota","Peluquero de mascotas","Passeig de Cordelles, 29, 08290 Cerdanyola del Vallès, Barcelona","Cerdanyola del Vallès","640 08 45 19","http://www.spalgos.es/"
"Banach Animals","Tienda de productos para mascotas","Carrer Ample, 19, 08290 Cerdanyola del Vallès, Barcelona","Cerdanyola del Vallès","935 80 93 45","http://www.banachanimals.es/"
"K-Macus","Peluquero de mascotas","Carrer d'Anselm Clavé, 22, 08290 Cerdanyola del Vallès, Barcelona","Cerdanyola del Vallès","931 19 00 04",""
"Potes Peludes: veterinaria, peluquería y productos de calidad para nuestras mascotas","Peluquero de mascotas","Carrer d'Anselm Clavé, 4, 08290 Cerdanyola del Vallès, Barcelona","Cerdanyola del Vallès","671 95 13 80","https://www.gossejant.es/reservarcita"
"Kiwoko. Mundo Animal","Tienda de productos para mascotas","C .Comercial Splau, Av. del Baix Llobregat, s/n, 08940 Cornellà de Llobregat, Barcelona","Cornellà de Llobregat","931 69 11 90","https://www.kiwoko.com/"
"UYWA Todo para tu mascota","Tienda de productos para mascotas","Avinguda de la República Argentina, 5, 08940 Cornellà de Llobregat, Barcelona","Cornellà de Llobregat","936 27 26 86","http://www.uywa.es/"
"TerranovaCNC 149","Tienda de productos para mascotas","Carrer de la Miranda, 45, 08940 Cornellà de Llobregat, Barcelona","Cornellà de Llobregat","933 83 14 46","https://www.terranovacnc.com/portfolio/tienda-productos-mascotas-cornella-de-llobregat-ii/"
"PATRULLA ANIMAL","Tienda de productos para mascotas","Carrer de Joaquim Rubió i Ors, 55, 08940 Cornellà de Llobregat, Barcelona","Cornellà de Llobregat","634 49 30 95","https://www.instagram.com/patrulla.animal.cornella/?hl=es"
"DOGOS","Tienda de animales","Carrer de Campfaso, 39, Local 3, 08940 Cornellà de Llobregat, Barcelona","Cornellà de Llobregat","936 27 50 79","http://www.dogoscornella.com/"
"Pocurull SL","Tienda de productos para mascotas","Carrer Ribera del Congost, 34, Nave A, 08520 Corró d'Avall, Barcelona","Corró d'Avall","938 46 77 13","http://www.pocurull.com/"
"Husse Garraf","Tienda de alimentos para animales","Carrer del Puig de l'Aliga, 14, Urb, 08811 Daltmar, Barcelona","Daltmar","635 21 90 70","https://www.husse-garraf.es/ca/muestragratis"
"Tiendanimal","Tienda de productos para mascotas","Carrer de Laureà Miró, Centro Comercial, 08950 Esplugues de Llobregat, Barcelona","Esplugues de Llobregat","936 26 32 18",""
"Kiwoko. Mundo Animal","Tienda de productos para mascotas","Carrer del Progrés, 69, 08850 Gavà, Barcelona","Gavà","936 26 84 05",""
"Mascotas 1000 | Tienda de Animales en Granollers","Tienda de productos para mascotas","Carrer de Dionís Puig, 13, 08402 Granollers, Barcelona","Granollers","935 66 53 41","https://www.mascotas1000.com/"
"Pere Illa Mas","Tienda de productos para mascotas","Carrer del Primer Marquès de les Franqueses, 29 També per timbre botiga, Carrer de Corró, 320, 08402 Granollers, Barcelona","Granollers","608 77 62 93","https://www.instagram.com/calilla.granollers/"
"Kiwoko. Mundo Animal","Tienda de productos para mascotas","Polígon Industrial el Ramassà, Carrer Matagalls, 7, 08402 Granollers, Barcelona","Granollers","936 28 20 81",""
"NUCAN mascotes","Tienda de productos para mascotas","Carrer de Roger de Flor, 109, 08401 Granollers, Barcelona","Granollers","666 35 15 43","http://www.nucanmascotas.com/"
"PetsandPaws","Tienda de animales","Carrer d'Enric Prat de la Riba, 28, 08401 Granollers, Barcelona","Granollers","664 88 65 08","https://www.petsandpaws.website/"
"TerranovaCNC 150","Tienda de productos para mascotas","Carrer de Joan Prim, 73, planta Baja, puerta 1, 08402 Granollers, Barcelona","Granollers","935 90 94 13","http://terranovacnc.com/"
"Casa Margarit","Tienda de productos para mascotas","Plaça Josep Maluquer i Salvador, 18, 08401 Granollers, Barcelona","Granollers","938 79 25 66","http://www.casamargarit.com/"
"Dalmata Tot Per Animals","Tienda de animales","Camí Vell de Canovelles, 70, 08403 Granollers, Barcelona","Granollers","938 46 62 89","http://www.dalmatamascotes.es/"
"My Dog Granollers","Peluquero de mascotas","Carrer de Roger de Flor, 6, 08401 Granollers, Barcelona","Granollers","938 70 72 75","http://www.instagram.com/mydoggranollers"
"Tiendanimal","Tienda de productos para mascotas","Avinguda de la Granvia de l’Hospitalet, 75, Local B4, 08908 J6, Barcelona","J6","937 37 04 97",""
"By Mascota Hospitalet - Veterinaria, Peluquería Mascotas & Tienda Mascotas","Tienda de productos para mascotas","Pça. Espanyola, 12, 08903 L'Hospitalet de Llobregat, Barcelona","L'Hospitalet de Llobregat","931 81 37 22","https://bymascota.com/tiendas/tiendas-mascotas-hospitalet-de-llobregat/"
"TerranovaCNC 173","Tienda de productos para mascotas","Carrer d'Enric Prat de la Riba, 239, 08901 L'Hospitalet de Llobregat, Barcelona","L'Hospitalet de Llobregat","937 97 35 75","https://www.terranovacnc.com/"
"MASKOTEANDO","Tienda de animales","Avinguda del Torrent Gornal, 40, 08904 L'Hospitalet de Llobregat, Barcelona","L'Hospitalet de Llobregat","936 79 63 02",""
"Guaw","Tienda de productos para mascotas","Centro comercial La Farga en L, 08901 L'Hospitalet de Llobregat, Barcelona","L'Hospitalet de Llobregat","930 46 07 05","https://guaw.com/"
"ANIMON petshop","Tienda de animales","Avinguda de Tomàs Giménez, 58, 08906 L'Hospitalet de Llobregat, Barcelona","L'Hospitalet de Llobregat","645 38 00 84","https://animon.es/"
"El Almacén de tu Mascota","Tienda de animales","Avinguda de Severo Ochoa, 64, 08906 L'Hospitalet de Llobregat, Barcelona","L'Hospitalet de Llobregat","931 70 45 28",""
"Juana Dog","Tienda de productos para mascotas","Carrer de Castelao, 68, 08902 L'Hospitalet de Llobregat, Barcelona","L'Hospitalet de Llobregat","934 22 95 20","http://www.juanadog.com/"
"Mascotart hospitalet","Tienda de animales","Carrer Santa Eulàlia, 50, 08902 L'Hospitalet de Llobregat, Barcelona","L'Hospitalet de Llobregat","931 75 60 11","https://instagram.com/mascotart_hospitalet?utm_medium=copy_link"
"Zootropolis","Peluquero de mascotas","Av. de Josep Tarradellas i Joan, 142, Local B Local B, 08901 L'Hospitalet de Llobregat, Barcelona","L'Hospitalet de Llobregat","931 28 82 43","https://www.instagram.com/zootropolis_lh/"
"La Mascoteria L'H | Peluquería canina","Tienda de productos para mascotas","Avinguda d'Álvarez de Castro, 51, 08901 L'Hospitalet de Llobregat, Barcelona","L'Hospitalet de Llobregat","937 82 25 94","https://www.lamascoterialh.com/"
"Pets Planet","Tienda de animales","Av. Carmen Amaya, 18, 08902 L'Hospitalet de Llobregat, Barcelona","L'Hospitalet de Llobregat","679 45 87 84","http://www.pplanet.net/"
"Aquazoo Ana","Pajarería","Carrer Hierbabuena, 43, LOCAL-2, 08906 L'Hospitalet de Llobregat, Barcelona","L'Hospitalet de Llobregat","934 38 31 37","http://www.aquazooana.com/"
"ZOO GARDEN","Tienda de animales","Carrer Príncep de Bergara, 20, 08901 L'Hospitalet de Llobregat, Barcelona","L'Hospitalet de Llobregat","930 13 09 74","https://www.zoogardenlh.es/"
"Peluqueria Canina Mascotas","Tienda de productos para mascotas","Carrer Provença, 29-31, 08901 L'Hospitalet de Llobregat, Barcelona","L'Hospitalet de Llobregat","933 38 49 84",""
"La Cova de les Mascotes","Tienda de animales","Carrer Bòbiles, 92, 08905 L'Hospitalet de Llobregat, Barcelona","L'Hospitalet de Llobregat","935 15 15 75",""
"Amics Per Sempre","Tienda de alimentos para animales","Carrer Mestre Candi, 1, 08901 L'Hospitalet de Llobregat, Barcelona","L'Hospitalet de Llobregat","933 37 80 54",""
"Mascotas Florida","Tienda de animales","Avinguda Miraflores, 48, 08905 L'Hospitalet de Llobregat, Barcelona","L'Hospitalet de Llobregat","",""
"Tienda Ladridos","Tienda de productos para mascotas","Carrer del Molí, 52, 08906 L'Hospitalet de Llobregat, Barcelona","L'Hospitalet de Llobregat","640 01 70 04","http://www.tiendaladridos.com/"
"MIM ANIMALS","Tienda de productos para mascotas","Rambla de les Bòbiles, 17, Local 1, 08760 Martorell, Barcelona","Martorell","937 75 24 01","http://mimanimals.com/"
"Hiperfauna Martorell","Tienda de productos para mascotas","Rambla d'En Pep Ventura, 18, Carrer d'En Pep Ventura, 18, 08760 Martorell, Barcelona","Martorell","937 75 42 20",""
"Mascotia Martorell","Tienda de animales","Av. Germans Martí, 20, 08760 Martorell, Barcelona","Martorell","618 49 62 24","https://mascotia.es/"
"Dogs","Tienda de animales","Carrer Esparreguera, 2, 08760 Martorell, Barcelona","Martorell","937 74 33 45","http://facebook.com/dogss.martorell"
"Patjades Martorell","Peluquero de mascotas","Carrer Esparreguera, 2, 08760 Martorell, Barcelona","Martorell","937 74 33 45","https://instagram.com/patjades"
"XipXap Perruqueria Canina","Peluquero de mascotas","Carrer d'En Pep Ventura, 18, Interior HIPERFAUNA, 08760 Martorell, Barcelona","Martorell","693 72 14 38",""
"Tiendanimal","Tienda de productos para mascotas","Torrent de les Piques, 73, 08304 Mataró, Barcelona","Mataró","936 11 94 80",""
"TerranovaCNC 137","Tienda de productos para mascotas","Plaça de les Tereses, 26, 08302 Mataró, Barcelona","Mataró","937 12 76 04","https://www.instagram.com/terranovacnc_137?igsh=MXRrdjU3enQ2MTRqMw%3D%3D&utm_source=qr"
"Ara Que Pinso💙🌱","Tienda de productos para mascotas","Carrer Sant Francesc d'Assís, 16, local, 08301 Mataró, Barcelona","Mataró","663 94 32 09","https://araquepinso.es/"
"SIC&CO Instint Natural Animal","Tienda de productos para mascotas","Carrer Deu de Gener, 9, 08302 Mataró, Barcelona","Mataró","933 08 69 34",""
"Petslovers Mataró","Tienda de productos para mascotas","Ronda dels Països Catalans, 50, 08304 Mataró, Barcelona","Mataró","697 63 68 16","http://www.petslovers.es/"
"Mascotas 1000 | Tienda de Animales en Mataró Carrer d'Argentona","Tienda de productos para mascotas","Carrer d'Argentona, 77, 08302 Mataró, Barcelona","Mataró","931 31 02 55","https://www.mascotas1000.com/"
"Mascotas 1000 | Tienda de Animales en Mataró Carrer Barcelona","Tienda de productos para mascotas","Carrer de Barcelona, 21, 08301 Mataró, Barcelona","Mataró","671 12 94 09","https://mascotas1000.com/"
"TerranovaCNC 11","Tienda de productos para mascotas","Via Europa, 85, 08303 Mataró, Barcelona","Mataró","937 58 96 13","https://www.terranovacnc.com/portfolio/tienda-productos-mascotas-mataro/"
"Pet's Cuore","Tienda de animales","Ronda O'Donnell, 72, 08302 Mataró, Barcelona","Mataró","937 57 49 58","https://www.facebook.com/PetsCuore"
"Moment Gosk","Tienda de productos para mascotas","Ronda Francesc Macià, 16, 08302 Mataró, Barcelona","Mataró","659 01 00 03","https://wa.beedigital.es/li/collares-gosk"
"Premiercan","Veterinario","Carrer Confraria de Sant Elm, 37, 08301 Mataró, Barcelona","Mataró","937 90 21 49","http://www.premiercan.com/"
"Nova's Pet Shop","Tienda de animales","Carrer d'Iluro, 51, 08302 Mataró, Barcelona","Mataró","675 85 79 48",""
"Can Gos","Tienda de productos para mascotas","Av. d'Amèrica, 10, 08304 Mataró, Barcelona","Mataró","937 90 31 02",""
"Platja dels Gossos","Parque para perros","Av. del Port, 95, 08302 Mataró, Barcelona","Mataró","",""
"Peluts de Mataró Perruqueria Canina y Felina","Peluquero de mascotas","Carrer d'Iluro, 104, 08302 Mataró, Barcelona","Mataró","645 77 45 26","https://peluts-de-mataro-perruqueria-canina-y-felina.business.site/?m=true"
"CLÍNICA VETERINÀRIA TERRA MASCOTES","Veterinario","Ronda Francesc Macià, 16, 08302 Mataró, Barcelona","Mataró","937 99 82 84","https://vets.wakyma.com/reservas/reservar-cita?veterinaryId=aMFi4qiYvQ"
"Hospital Veterinari Maresme | MiVet","Hospital veterinario","Camí de la Geganta, 113, 08302 Mataró, Barcelona","Mataró","937 99 41 02","https://mivet.com/hospital-veterinario-maresme-mataro/"
"Perruqueria Canina Koko","Tienda de animales","Carrer Irlanda, 22, local 1, 08303 Mataró, Barcelona","Mataró","678 02 93 36","https://www.instagram.com/tienda_para_perros_?igsh=MWkyMGsyeG5xNTBvOQ=="
"Guaupetons Perruqueria Canina","Peluquero de mascotas","Ronda President Tarradellas, 74, 08303 Mataró, Barcelona","Mataró","665 47 72 91","http://www.guaupetons.com/"
"Omnifauna","Guardería canina","Camí de les Vinyes d'en Sumells, 39, 08304 Mataró, Barcelona","Mataró","652 05 70 73","http://www.omnifauna.com/"
"Mascotas 1000 | Tienda de Animales en Mollet","Tienda de productos para mascotas","Passeig Victòria Garcés, 11, 08100 Mollet del Vallès, Barcelona","Mollet del Vallès","617 28 02 96","https://mascotas1000.com/"
"faunAmic","Tienda de animales","Av. de Jaume I, 107, 08100 Mollet del Vallès, Barcelona","Mollet del Vallès","935 70 80 31","http://www.faunamic.com/shop/"
"EL VALLE DEL CAN","Tienda de animales","Avinguda de Burgos, 25-27, 08100 Mollet del Vallès, Barcelona","Mollet del Vallès","935 93 31 39","https://www.facebook.com/ValledelCan/"
"Fauna Tarrés","Tienda de animales","Carrer de Gaietà Vínzia, 15, 08100 Mollet del Vallès, Barcelona","Mollet del Vallès","935 93 11 34",""
"AGROBOTIGA CN MOLLET","Tienda de productos para mascotas","Carrer d'Anselm Clavé, 38, 40, 08100 Mollet del Vallès, Barcelona","Mollet del Vallès","661 81 85 74","http://www.agrobotigamollet.com/"
"Aviarium","Pajarería","Carrer de Can Pantiquet, 34, 08100 Mollet del Vallès, Barcelona","Mollet del Vallès","930 37 55 04",""
"Terranova - El Cau Animal Mollet","Tienda de productos para mascotas","Av. d'Antoni Gaudí, 53, 08100 Mollet del Vallès, Barcelona","Mollet del Vallès","935 70 70 34","https://www.terranovacnc.com/tiendas/tienda-productos-mascotas-mollet-del-valles/"
"Criaturas","Tienda de alimentos para animales","Rambla de Pompeu Fabra, 30, 08100 Mollet del Vallès, Barcelona","Mollet del Vallès","931 73 93 04",""
"Winner Plus España Distribución","Tienda de alimentos para animales","Carrer de Bilbao, 65, 08100 Mollet del Vallès, Barcelona","Mollet del Vallès","616 98 38 45","https://winner-plus.es/"
"Veterinaris ADOPTA UN AMIC","Veterinario","Av. de Jaume I, 149, 08100 Mollet del Vallès, Barcelona","Mollet del Vallès","933 80 33 57",""
"City Dog Mollet","Peluquero de mascotas","Avinguda de Rivoli, 22, local 6, 08100 Mollet del Vallès, Barcelona","Mollet del Vallès","644 03 78 42",""
"Clinica Veterinaria Anavets","Veterinario","Carrer de Gaietà Ventalló, 64, 08100 Mollet del Vallès, Barcelona","Mollet del Vallès","935 70 55 87","http://www.anavets.es/"
"Tiendanimal","Tienda de productos para mascotas","Unnamed Road 08186 P. C. Can Montcau Salida, C-17, 08186 Barcelona","P. C. Can Montcau Salida","935 24 09 81",""
"Pinso Express","Tienda de animales","Gran Via de Lluís Companys, 202, 08330 Premià de Mar, Barcelona","Premià de Mar","937 52 43 68","https://www.instagram.com/pinsoexpress/"
"Animal Company","Tienda de animales","Carrer d'Enric Granados, 10, 08330 Premià de Mar, Barcelona","Premià de Mar","722 66 94 44",""
"Faunarama","Tienda de productos para mascotas","Carrer Sant Jaume, 77, 08291 Ripollet, Barcelona","Ripollet","935 91 29 77","http://www.faunarama.com/"
"Tiendanimal","Tienda de productos para mascotas","Ctra. de Sant Cugat, 08174 Rubí, Barcelona","Rubí","936 26 35 91",""
"WILDCOCO MASCOTES SABADELL","Tienda de productos para mascotas","Ctra. de Terrassa, 336, 08206 Sabadell, Barcelona","Sabadell","626 80 42 87",""
"ACMascotas. AGRO COMERCIAL MASCOTAS SABADELL, SL. ACM","Tienda de productos para mascotas","Carrer d'Amèrica, 1-3, 08205 Sabadell, Barcelona","Sabadell","937 27 63 55","http://www.acmascotas.es/"
"Patamic","Tienda de productos para mascotas","Ronda de Zamenhof, 90-92, 08208 Sabadell, Barcelona","Sabadell","935 11 60 15","https://www.patamic.es/"
"Tiendanimal","Tienda de productos para mascotas","Carrer de Can Borrell, 08205 Sabadell, Barcelona","Sabadell","936 42 23 69",""
"TerranovaCNC 159","Tienda de productos para mascotas","Av. de Matadepera, 76, 08207 Sabadell, Barcelona","Sabadell","937 17 45 44","https://www.terranovacnc.com/"
"Piu Can","Pajarería","Ctra. de Terrassa, 396, 08206 Sabadell, Barcelona","Sabadell","931 81 77 16",""
"Piensos Trepat","Tienda de animales","Carrer Francesc Layret, 66, 08208 Sabadell, Barcelona","Sabadell","937 16 16 02",""
"Javosdog","Peluquero de mascotas","Ctra. de Barcelona, 81, 08201 Sabadell, Barcelona","Sabadell","645 95 15 62","https://www.javosdog.com/"
"TerranovaCNC 145","Tienda de productos para mascotas","Plaça de Barcelona, 13, 08203 Sabadell, Barcelona","Sabadell","937 10 04 62","https://www.terranovacnc.com/"
"TerranovaCNC 113","Tienda de productos para mascotas","Via de Massagué, 3, 08202 Sabadell, Barcelona","Sabadell","937 48 10 57",""
"Tiendanimal","Tienda de productos para mascotas","Carrer de Can Borrell, 08205 Sabadell, Barcelona","Sabadell","936 42 23 69",""
"ENGUMA Mas de 20 Años Al Servicio De Su Mascota","Tienda de productos para mascotas","Carrer de Nàpols, 18, 08207 Sabadell, Barcelona","Sabadell","937 23 45 77",""
"Pinoy Animals Exòtics","Tienda de animales","Carrer d'Edimburg, 4, 08206 Sabadell, Barcelona","Sabadell","931 91 65 81","http://www.pinoy.es/"
"FAUNA SALVAJE- Tienda de Animales Sabadell","Tienda de animales","Carrer de Bernat Boades, 10, 08206 Sabadell, Barcelona","Sabadell","938 09 79 51","http://www.fauna-salvaje.com/"
"Lupovet ibérica","Fabricante de alimentos","Avinguda de Can Roqueta, 10, 08202 Sabadell, Barcelona","Sabadell","616 73 41 86","http://www.lupovet-iberica.es/mas-informacion-sobre-las-cookies/"
"By Mascota Besós - Tienda Mascotas, Peluquería & Consulta Veterinaria","Tienda de productos para mascotas","Av. de Catalunya, 68, local 2, 08930 Sant Adrià de Besòs, Barcelona","Sant Adrià de Besòs","937 68 14 11","https://bymascota.com/tiendas/tiendas-mascotas-barcelona/tienda-mascotas-sant-adria-de-besos/"
"Tiendanimal","Tienda de productos para mascotas","Parc Comercial San Boi, Av. de la Marina, 19, 08830 Sant Boi de Llobregat, Barcelona","Sant Boi de Llobregat","935 22 17 45",""
"Don Canino","Tienda de productos para mascotas","Av. de la Via Augusta, 3, 08174 Sant Cugat del Vallès, Barcelona","Sant Cugat del Vallès","935 76 40 30","http://www.doncanino.com/"
"The Black Dog","Tienda de productos para mascotas","Rambla de Can Móra, 9, 08172 Sant Cugat del Vallès, Barcelona","Sant Cugat del Vallès","677 06 11 22","https://www.instagram.com/theblackdog_bcn"
"Instinto Animal","Tienda de alimentos para animales","Carrer de Josep Puig i Cadafalch, 64, local 6 y 7, 08172 Sant Cugat del Vallès, Barcelona","Sant Cugat del Vallès","623 28 84 85","https://serviciotecnicosantcugat.es/mascotas/"
"Pets Place","Tienda de animales","Rambla del Celler, 25, 08172 Sant Cugat del Vallès, Barcelona","Sant Cugat del Vallès","936 74 70 81","http://www.petslife.es/"
"Dino's Animals","Tienda de productos para mascotas","Av. de Can Graells, 9, 08173 Sant Cugat del Vallès, Barcelona","Sant Cugat del Vallès","936 74 37 17",""
"DOGKING","Criador canino","Avda. de les Roquetes, 41, 08173 Sant Cugat del Vallès, Barcelona","Sant Cugat del Vallès","935 90 93 97","https://www.cobberdogking.com/"
"La Megatenda","Tienda de animales","Carrer de la Mina, 13, 08173 Sant Cugat del Vallès, Barcelona","Sant Cugat del Vallès","936 74 03 01",""
"Dogneer","Peluquero de mascotas","Carrer Plana de l'Hospital, 32, 08173 Sant Cugat del Vallès, Barcelona","Sant Cugat del Vallès","938 08 23 29",""
"JARDILAND","Centro de jardinería","Carretera de Rubí, 08174 Sant Cugat del Vallès, Barcelona","Sant Cugat del Vallès","936 75 04 52","https://jardiland.agendize.com/web/widget/?c=santcugatdelvalles&cs=false&lang=es"
"AquaWorld Sant Cugat","Tienda de acuarios","Carrer del Doctor Murillo, 21, 08172 Sant Cugat del Vallès, Barcelona","Sant Cugat del Vallès","619 46 94 71","http://www.aquaworld-coral.com/"
"Ron i Chic Estètica Canina","Peluquero de mascotas","Carrer d'Àngel Guimerà, 19, 08172 Sant Cugat del Vallès, Barcelona","Sant Cugat del Vallès","931 24 66 16","https://es-es.facebook.com/ronichicpelu/"
"Tiendanimal","Tienda de productos para mascotas","Carrer de Laureà Miró, 363, 08980 Sant Feliu de Llobregat, Barcelona","Sant Feliu de Llobregat","936 11 89 18",""
"Tiendanimal","Tienda de productos para mascotas","Carrer de Laureà Miró, 363, 08980 Sant Feliu de Llobregat, Barcelona","Sant Feliu de Llobregat","936 11 89 18",""
"Els Peluts del Mas LLuí","Tienda de productos para mascotas","Passeig Comte de Vilardaga, 83, 08980 Sant Feliu de Llobregat, Barcelona","Sant Feliu de Llobregat","626 11 63 50",""
"TOKA EL GOS","Tienda de animales","Carrer de Josep Ricart, 13, 08980 Sant Feliu de Llobregat, Barcelona","Sant Feliu de Llobregat","661 86 97 76","https://www.tokaelgos.com/ca/"
"Pels Pèls - Centre","Peluquero de mascotas","Carrer Joan Maragall, 9, 08980 Sant Feliu de Llobregat, Barcelona","Sant Feliu de Llobregat","936 85 49 23","https://www.facebook.com/Pels-P%C3%A8ls-676987779057489/?ref=bookmarks"
"El Templo de tu mascota","Tienda de alimentos para animales","Carrer de Girona, 0001, BX 01, 08980 Sant Feliu de Llobregat, Barcelona","Sant Feliu de Llobregat","722 75 38 66",""
"Mossegador","Tienda de animales","Carrer de Can Calders, 4, 08980 Sant Feliu de Llobregat, Barcelona","Sant Feliu de Llobregat","931 73 28 44",""
"Pets-Pets","Tienda de productos para mascotas","Carrer de Rupert Lladó, 16, 08980 Sant Feliu de Llobregat, Barcelona","Sant Feliu de Llobregat","",""
"Mascotes Ribes","Tienda de alimentos para animales","Carrer de Lluís Companys, 87, 08810 Sant Pere de Ribes, Barcelona","Sant Pere de Ribes","938 96 56 50","http://www.mascotesribes.cat/"
"Kiwoko. Mundo Animal","Tienda de productos para mascotas","Rambla del Garraf, s/n, 08810 Sant Pere de Ribes, Barcelona","Sant Pere de Ribes","938 14 87 95",""
"JARDI-CAN GARRAF","Tienda de productos para mascotas","Plaça la Font, 4, 08810 Sant Pere de Ribes, Barcelona","Sant Pere de Ribes","618 44 28 47","https://jardi-can.com/hola"
"Miscota","Tienda de productos para mascotas","Rambla de Sant Sebastià, 29, 08921 Santa Coloma de Gramenet, Barcelona","Santa Coloma de Gramenet","934 26 55 52","http://www.miscota.es/"
"Juana Dog - Sant Carles","Tienda de productos para mascotas","Carrer de Sant Carles, 40, 08921 Santa Coloma de Gramenet, Barcelona","Santa Coloma de Gramenet","933 90 75 43","https://www.juanadog.com/"
"La Perpetuenca","Mercado de productos agrícolas","a Mollet, Ctra. Sabadell, km. 4, 08130 Santiga, Barcelona","Santiga","935 60 00 60","http://www.laperpetuenca.com/"
"Mrsweet Sitges","Tienda de productos para mascotas","Av. Camí dels Capellans, 14, 08870 Sitges, Barcelona","Sitges","931 73 30 25",""
"Animalis Sitges","Centro de salud y bienestar","Carrer de Santiago Rusiñol, 30, 08870 Sitges, Barcelona","Sitges","604 15 56 90","http://www.animalissitges.com/"
"Misolete","Tienda de animales","Carrer d'Espalter, 9, 08870 Sitges, Barcelona","Sitges","630 18 13 64","https://www.misolete.com/"
"Michi Pet Boutique","Peluquero de mascotas","Carrer de Sant Josep, 20, 08870 Sitges, Barcelona","Sitges","671 22 90 34",""
"Patas y Pelos","Peluquero de mascotas","Carrer de la Sínia Morera, 14, 08870 Sitges, Barcelona","Sitges","667 22 56 09","http://www.patasypelos.es/"
"Playa de mascotas.","Playa pública","08872 Sitges, Barcelona","Sitges","",""
"Doggytech","Tienda de productos para mascotas","Pol. Ind. Mas Alba, Avinguda del Camí Pla, 15, 08870 Sitges, Barcelona","Sitges","610 07 69 93","https://doggytechspain.com/"
"Peluquería Canina DANCING DOG Carmen Pacheco*Julián Oliva","Peluquero de mascotas","Carrer Bonaire, 33, 08870 Sitges, Barcelona","Sitges","653 79 79 58","http://www.julianoliva.eu/"
"Rossmann","Tienda de artículos de aseo personal","Carrer Drets Humans, 11, 08870 Sitges, Barcelona","Sitges","","http://www.rossmann.es/"
"Kiwoko. Mundo Animal","Tienda de productos para mascotas","Av. del Vallès, 484-490, 08227 Terrassa, Barcelona","Terrassa","935 22 22 97",""
"Don Canino","Tienda de productos para mascotas","Centro Comercial Parc Vallès, Carrer de Colom, 450, 08223 Terrassa, Barcelona","Terrassa","938 54 65 46","http://www.doncanino.com/"
"Tiendanimal","Tienda de productos para mascotas","Pol. Sta. Margarida II, parcela 3, 08223 Terrassa, Barcelona","Terrassa","936 69 97 99",""
"EL GRANER D'AROMAI","Tienda de productos para mascotas","Ctra. de Rellinars, 205, 08225 Terrassa, Barcelona","Terrassa","937 80 53 12","https://aromai.cat/"
"Bestioles","Tienda de productos para mascotas","Carrer de Pablo Iglesias, 49, 08224 Terrassa, Barcelona","Terrassa","937 33 30 03",""
"TerranovaCNC 177","Tienda de productos para mascotas","Rambla d'Ègara, 73, 08224 Terrassa, Barcelona","Terrassa","937 93 37 38","https://www.terranovacnc.com/"
"El Racó de la Lola","Tienda de productos para mascotas","Carrer de Tarragona, 96, 08226 Terrassa, Barcelona","Terrassa","601 40 45 99",""
"Animal MAX","Mayorista","Carretera de Rubí, 324, nave C, 08228 Terrassa, Barcelona","Terrassa","937 03 86 86","https://animalmax.es/"
"Agrocenter Munill","Tienda de productos para mascotas","Carrer de Marconi, 238, 08224 Terrassa, Barcelona","Terrassa","937 88 33 75","http://www.munill.cat/"
"Todo Mascota","Tienda de animales","Carrer del Tibidabo, 25, 08227 Terrassa, Barcelona","Terrassa","937 31 27 99",""
"Morritos","Veterinario","Av. de l'Abat Marcet, 30, 08225 Terrassa, Barcelona","Terrassa","937 34 91 95","https://morritos.es/"
"GUAW","Tienda de animales","CC Vilamarina, Av. del Segle XXI, 6, locales 24-26, 08840 Viladecans, Barcelona","Viladecans","930 47 59 92","https://guaw.com/"
"CANIN DOX","Tienda de alimentos para animales","Carrer de la Mare de Déu de Montserrat, 107, bajos 1, 08840 Viladecans, Barcelona","Viladecans","631 64 00 11",""
"La Fauna de Crismi","Peluquero de mascotas","Av. de Gavà, 24, 08840 Viladecans, Barcelona","Viladecans","680 85 16 26","https://jamc1727.wixsite.com/lafaunadecrismi-1"
"VILAMASCOTAS","Peluquero de mascotas","Ctra. de Sant Climent, 46, 08840 Viladecans, Barcelona","Viladecans","936 58 73 52",""
"Reptil Parc","Tienda de animales","Carretera de Barcelona, 2-4, Tienda, 08840 Viladecans, Barcelona","Viladecans","936 31 68 72",""
"Comercial Bertrán","Tienda de productos para mascotas","Carrer de la Forja, 5, 08840 Viladecans, Barcelona","Viladecans","936 58 74 13",""
"Más Que Piensos","Tienda de alimentos para animales","Rambla dels Països Catalans, 18, nave 20, 08800 Vilanova i la Geltrú, Barcelona","Vilanova i la Geltrú","931 79 07 45","http://www.masquepiensos.com/"
"Miscota","Tienda de productos para mascotas","Carrer de la Piera, 1, 08800 Vilanova i la Geltrú, Barcelona","Vilanova i la Geltrú","938 11 58 70","http://www.miscota.es/"
"The Green Dog Vilanova | Alimentación natural","Tienda de alimentos para animales","Av. de Cubelles, 23, 08800 Vilanova i la Geltrú, Barcelona","Vilanova i la Geltrú","938 16 07 93","https://www.instagram.com/thegreendogvilanova/"
"Mascotas La Collada","Tienda de productos para mascotas","Av. de la Torre del Vallès, 35, 08800 Vilanova i la Geltrú, Barcelona","Vilanova i la Geltrú","670 41 26 92","https://www.instagram.com/mascotaslacollada/"
"Puppies Vilanova","Tienda de animales","Carrer de Sant Sebastià, 14, 08800 Vilanova i la Geltrú, Barcelona","Vilanova i la Geltrú","931 18 96 71","http://www.facebook.com/puppiesvilanova"
"Ricky Mascotas","Tienda de productos para mascotas","Carrer de Josep Coroleu, 70, 08800 Vilanova i la Geltrú, Barcelona","Vilanova i la Geltrú","656 93 44 95","https://www.rickipajaritos.es/es/"
"Peluts Mimats - Perruqueria canina i felina","Peluquero de mascotas","Rambla dels Països Catalans, 18, nave 20, 08800 Vilanova i la Geltrú, Barcelona","Vilanova i la Geltrú","683 65 00 87",""
"Inseparables","Tienda de productos para mascotas","Carrer de Pere Jacas, 27, 08800 Vilanova i la Geltrú, Barcelona","Vilanova i la Geltrú","656 40 53 99","https://www.inseparables.es/"
"Clínica Veterinària Puig i Pons","Veterinario","Rambla Josep Tomàs Ventosa, 18 bis, 08800 Vilanova i la Geltrú, Barcelona","Vilanova i la Geltrú","938 93 82 32","http://www.puigipons.com/"
"AMICS VETERINARI","Veterinario","Carrer de Menéndez y Pelayo, 48, 08800 Vilanova i la Geltrú, Barcelona","Vilanova i la Geltrú","930 24 62 13","https://www.instagram.com/veterinaria_amics/"
"Rucan","Tienda de productos para mascotas","Carrer Manuel Ventura Campeny, 7, 08339 Vilassar de Dalt, Barcelona","Vilassar de Dalt","625 20 84 54","http://www.rucan.es/"
"Nel-Vet Megastore | Tienda de Animales en Vilassar","Tienda de productos para mascotas","Av. del Progrés, 53, 08340 Vilassar de Mar, Barcelona","Vilassar de Mar","937 59 87 07","https://nel-vet-megastore.com/"